Workbook

Sheet محصولات
A1: نام فارسی | B1: نام انگلیسی | C1: برند | D1: دسته | E1: اندازه | F1: قیمت خرید (درهم) | G1: قیمت خرید (تومان) | H1: سود (تومان) | I1: قیمت فروش (تومان) | J1: تخفیف (تومان) | K1: درصد همکاری | L1: سهم ما (تومان) | M1: موجود | N1: طعم‌ها | O1: تعداد وعده | P1: مشخصات کلیدی | Q1: توضیح کوتاه | R1: توضیح کامل
A2: وی پروتئین اورجینال | B2: Whey Original | C2: SUPPEX | D2: پروتئین | E2: 900 گرم | F2: 40 | H2: 1500000 | L2: =IF(AND($H2="",OR($G2="",$I2="")),"",ROUND(((IF($H2="",$I2-$G2,$H2))-(MIN(IF($J2="",0,$J2),(IF($H2="",$I2-$G2,$H2))/2)))*(IF($K2="",'تنظیمات'!$B$2,$K2))/100,0)) | M2: بله | N2: شکلاتی، وانیلی، توت فرنگی | O2: 30 | P2: ۲۴ گرم پروتئین در هر پیمانه بدون قند افزوده، بدون رنگ مصنوعی | Q2: وی کنسانتره و ایزوله میکروفیلتر شده | R2: هر وعده ۲۴ گرم پروتئین دارد. بعد از تمرین با آب یا شیر مصرف شود.
A3: وی پروتئین اورجینال | B3: Whey Original | C3: SUPPEX | D3: پروتئین | E3: 2270 گرم | F3: 95 | H3: 2000000 | L3: =IF(AND($H3="",OR($G3="",$I3="")),"",ROUND(((IF($H3="",$I3-$G3,$H3))-(MIN(IF($J3="",0,$J3),(IF($H3="",$I3-$G3,$H3))/2)))*(IF($K3="",'تنظیمات'!$B$2,$K3))/100,0)) | M3: بله | O3: 76
A4: کراتین مونوهیدرات | B4: Creatine Monohydrate | C4: SUPPEX | D4: کراتین | F4: 18 | H4: 900000 | L4: =IF(AND($H4="",OR($G4="",$I4="")),"",ROUND(((IF($H4="",$I4-$G4,$H4))-(MIN(IF($J4="",0,$J4),(IF($H4="",$I4-$G4,$H4))/2)))*(IF($K4="",'تنظیمات'!$B$2,$K4))/100,0)) | M4: بله | O4: 100 | P4: ۵ گرم کراتین خالص در هر وعده بدون نیاز به دوره بارگیری | Q4: کراتین میکرونایز خالص
A5: مولتی ویتامین روزانه | B5: Daily Multivitamin | C5: SUPPEX | D5: ویتامین و مکمل | G5: 650000 | H5: 600000 | L5: =IF(AND($H5="",OR($G5="",$I5="")),"",ROUND(((IF($H5="",$I5-$G5,$H5))-(MIN(IF($J5="",0,$J5),(IF($H5="",$I5-$G5,$H5))/2)))*(IF($K5="",'تنظیمات'!$B$2,$K5))/100,0)) | M5: بله | O5: 60 | Q5: مولتی ویتامین کامل روزانه
A6: بی سی آمینو | B6: BCAA 2:1:1 | C6: SUPPEX | D6: آمینو و BCAA | G6: 820000 | I6: 1150000 | J6: 50000 | K6: 8 | L6: =IF(AND($H6="",OR($G6="",$I6="")),"",ROUND(((IF($H6="",$I6-$G6,$H6))-(MIN(IF($J6="",0,$J6),(IF($H6="",$I6-$G6,$H6))/2)))*(IF($K6="",'تنظیمات'!$B$2,$K6))/100,0)) | M6: بله | N6: هندوانه، لیمو | O6: 40 | Q6: آمینو شاخه‌دار با نسبت ۲:۱:۱
L7: =IF(AND($H7="",OR($G7="",$I7="")),"",ROUND(((IF($H7="",$I7-$G7,$H7))-(MIN(IF($J7="",0,$J7),(IF($H7="",$I7-$G7,$H7))/2)))*(IF($K7="",'تنظیمات'!$B$2,$K7))/100,0))
L8: =IF(AND($H8="",OR($G8="",$I8="")),"",ROUND(((IF($H8="",$I8-$G8,$H8))-(MIN(IF($J8="",0,$J8),(IF($H8="",$I8-$G8,$H8))/2)))*(IF($K8="",'تنظیمات'!$B$2,$K8))/100,0))
L9: =IF(AND($H9="",OR($G9="",$I9="")),"",ROUND(((IF($H9="",$I9-$G9,$H9))-(MIN(IF($J9="",0,$J9),(IF($H9="",$I9-$G9,$H9))/2)))*(IF($K9="",'تنظیمات'!$B$2,$K9))/100,0))
L10: =IF(AND($H10="",OR($G10="",$I10="")),"",ROUND(((IF($H10="",$I10-$G10,$H10))-(MIN(IF($J10="",0,$J10),(IF($H10="",$I10-$G10,$H10))/2)))*(IF($K10="",'تنظیمات'!$B$2,$K10))/100,0))
L11: =IF(AND($H11="",OR($G11="",$I11="")),"",ROUND(((IF($H11="",$I11-$G11,$H11))-(MIN(IF($J11="",0,$J11),(IF($H11="",$I11-$G11,$H11))/2)))*(IF($K11="",'تنظیمات'!$B$2,$K11))/100,0))
L12: =IF(AND($H12="",OR($G12="",$I12="")),"",ROUND(((IF($H12="",$I12-$G12,$H12))-(MIN(IF($J12="",0,$J12),(IF($H12="",$I12-$G12,$H12))/2)))*(IF($K12="",'تنظیمات'!$B$2,$K12))/100,0))
L13: =IF(AND($H13="",OR($G13="",$I13="")),"",ROUND(((IF($H13="",$I13-$G13,$H13))-(MIN(IF($J13="",0,$J13),(IF($H13="",$I13-$G13,$H13))/2)))*(IF($K13="",'تنظیمات'!$B$2,$K13))/100,0))
L14: =IF(AND($H14="",OR($G14="",$I14="")),"",ROUND(((IF($H14="",$I14-$G14,$H14))-(MIN(IF($J14="",0,$J14),(IF($H14="",$I14-$G14,$H14))/2)))*(IF($K14="",'تنظیمات'!$B$2,$K14))/100,0))
L15: =IF(AND($H15="",OR($G15="",$I15="")),"",ROUND(((IF($H15="",$I15-$G15,$H15))-(MIN(IF($J15="",0,$J15),(IF($H15="",$I15-$G15,$H15))/2)))*(IF($K15="",'تنظیمات'!$B$2,$K15))/100,0))
L16: =IF(AND($H16="",OR($G16="",$I16="")),"",ROUND(((IF($H16="",$I16-$G16,$H16))-(MIN(IF($J16="",0,$J16),(IF($H16="",$I16-$G16,$H16))/2)))*(IF($K16="",'تنظیمات'!$B$2,$K16))/100,0))
L17: =IF(AND($H17="",OR($G17="",$I17="")),"",ROUND(((IF($H17="",$I17-$G17,$H17))-(MIN(IF($J17="",0,$J17),(IF($H17="",$I17-$G17,$H17))/2)))*(IF($K17="",'تنظیمات'!$B$2,$K17))/100,0))
L18: =IF(AND($H18="",OR($G18="",$I18="")),"",ROUND(((IF($H18="",$I18-$G18,$H18))-(MIN(IF($J18="",0,$J18),(IF($H18="",$I18-$G18,$H18))/2)))*(IF($K18="",'تنظیمات'!$B$2,$K18))/100,0))
... L400: =IF(AND($H400="",OR($G400="",$I400="")),"",ROUND(((IF($H400="",$I400-$G400,$H400))-(MIN(IF($J400="",0,$J400),(IF($H400="",$I400-$G400,$H400))/2)))*(IF($K400="",'تنظیمات'!$B$2,$K400))/100,0))

Sheet تنظیمات
A1: تنظیم | B1: مقدار | C1: توضیح
A2: درصد پیش‌فرض همکاری | B2: 15 | C2: هر سطری که ستون «درصد همکاری»اش خالی باشد، از این عدد استفاده می‌کند. فقط برای محاسبه در همین فایل است؛ درصد اصلی در پنل تنظیم می‌شود.

Sheet راهنما
A1: مورد | B1: توضیح
A2: مرحله ۱ — محصولات | B2: همه ستون‌ها را پر کنید به‌جز «درصد همکاری» — همان ستون خاکستری که عنوانش طلایی است.
A3: مرحله ۲ — درصد | B3: بعد از اینکه محصولات کامل شد، روی همین فایل ستون درصد همکاری با هم پر می‌شود. فایل دومی در کار نیست.
A4: مهم‌ترین قانون | B4: برای هر اندازه، یک سطر جداگانه. قوطی ۹۰۰ گرمی و ۲۲۷۰ گرمی دو خرید جدا با دو قیمت جدا هستند. نام فارسی را در هر دو سطر دقیقاً یکسان بنویسید — سیستم از روی همین نام، سطرها را یک محصول می‌کند.
A5: محصول تک‌اندازه | B5: ستون «اندازه» را خالی بگذارید.
A6: قیمت — سه راه | B6: ۱) خرید درهمی + سود → قیمت با نرخ روز درهم ساخته می‌شود و خودش به‌روز می‌ماند. ۲) خرید تومانی + سود → قیمت ثابت. ۳) خرید تومانی + قیمت فروش → وقتی قیمت را بازار تعیین کرده. یکی از این سه را انتخاب کنید.
A7: قیمت خرید (درهم) | B7: عدد درهمی که برای خرید همان یک قوطی داده‌اید — مثلاً 40. قیمت کارتن ننویسید. قیمت این قلم با نرخ روز درهم خودش به‌روز می‌شود.
A8: قیمت خرید (تومان) | B8: برای قلمی که داخل ایران خریده می‌شود. فقط یکی از این دو ستون خرید را پر کنید، نه هر دو را. قیمت این قلم ثابت می‌ماند و با نرخ درهم تکان نمی‌خورد.
A9: سود (تومان) | B9: سودی که روی همان یک قوطی می‌خواهید. قیمت فروش خودکار از قیمت خرید + همین عدد ساخته می‌شود.
A10: قیمت فروش (تومان) | B10: فقط وقتی قیمت را بازار تعیین کرده، نه حاشیه سود شما. آن وقت سود را خالی بگذارید ولی قیمت خرید تومانی را حتماً بنویسید — بدون آن، سود این قلم در گزارش‌ها صفر دیده می‌شود.
A11: تخفیف (تومان) | B11: مقداری که از قیمت کم می‌شود، نه قیمت دوم. بیشتر از نیمی از سود پذیرفته نمی‌شود. ندارید ← خالی.
A12: درصد همکاری | B12: مرحله ۲. خالی = درصد پیش‌فرض فروشگاه. فقط برای قلمی عدد بنویسید که جداگانه توافق شده — مثلاً قلمی که رقیب زیاد دارد و حاشیه سودش کم است. صفر یعنی «روی این قلم سهمی برداشته نشود» و با خالی یکی نیست.
... A23: عنوان ستون‌ها | B23: عوض نکنید و پاک نکنید. ستون تازه هم اضافه نکنید.
